{"TRA": 29, "CP": 20, "ACC": 68.96551724137932, "TRR": 21, "TRRC": 19, "TRRW": 2, "ACCRR": 90.47619047619048, "MISSREGS": [], "MISSCATS": ["0x40020084", "0x40020088", "0x4002008c"], "MISCAT_READ": [["Base address", "Reg address", "Reg name", "Reg cat", "Model Cat", "Read", "Write", "Correct cat", "Comments GT"], ["0x40010800", "0x4001080c", "Port output data register (GPIOx_ODR) (x=A..G)  ", "DR", "CR", 1, 1, "NO", ""], ["0x40020000", "0x40020084", "", "", "CR", 1, 1, "NO", ""]], "NUMPER": 8, "NUMSRSITES": 6, "SRSITES": ["0x8000646", "0x8000724", "0x8000664", "0x8000760", "0x800062c", "0x800073c"], "INTERRUPTS": [56, 33, 32, 15], "NUMINTERRUPTS": 4}