{"TRA": 33, "CP": 21, "ACC": 63.63636363636363, "TRR": 26, "TRRC": 20, "TRRW": 6, "ACCRR": 76.92307692307693, "MISSREGS": [], "MISSCATS": ["0x40020030", "0x40020034", "0x40020038", "0x4002003c", "0x40020044", "0x40020048", "0x4002004c", "0x40020050"], "MISCAT_READ": [["Base address", "Reg address", "Reg name", "Reg cat", "Model Cat", "Read", "Write", "Correct cat", "Comments GT"], ["0x40010800", "0x4001080c", "Port output data register (GPIOx_ODR) (x=A..G)  ", "DR", "CR", 1, 1, "NO", ""], ["0x40010c00", "0x40010c0c", "Port output data register (GPIOx_ODR) (x=A..G)  ", "DR", "CR", 1, 1, "NO", ""], ["0x40020000", "0x40020030", "", "", "CR", 1, 1, "NO", ""], ["0x40020000", "0x40020034", "", "", "CR", 1, 1, "NO", ""], ["0x40020000", "0x40020044", "", "", "CR", 1, 1, "NO", ""], ["0x40020000", "0x40020048", "", "", "CR", 1, 1, "NO", ""]], "NUMPER": 10, "NUMSRSITES": 6, "SRSITES": ["0x80007c4", "0x80006e2", "0x8000700", "0x8000800", "0x80006c8", "0x80007dc"], "INTERRUPTS": [56, 29, 30, 15], "NUMINTERRUPTS": 4}